variant,canonical,source
乘,乗,kJapaneseNewVariant
亂,乱,kJapaneseNewVariant
亞,亜,kJapaneseNewVariant
佛,仏,kJapaneseNewVariant
來,来,kJapaneseNewVariant
倂,併,kJapaneseNewVariant
假,仮,kJapaneseNewVariant
傳,伝,kJapaneseNewVariant
僞,偽,kJapaneseNewVariant
價,価,kJapaneseNewVariant
儉,倹,kJapaneseNewVariant
兒,児,kJapaneseNewVariant
兩,両,kJapaneseNewVariant
剩,剰,kJapaneseNewVariant
劍,剣,kJapaneseNewVariant
劑,剤,kJapaneseNewVariant
勞,労,kJapaneseNewVariant
勳,勲,kJapaneseNewVariant
勵,励,kJapaneseNewVariant
勸,勧,kJapaneseNewVariant
區,区,kJapaneseNewVariant
卷,巻,kJapaneseNewVariant
卽,即,kJapaneseNewVariant
參,参,kJapaneseNewVariant
單,単,kJapaneseNewVariant
嚴,厳,kJapaneseNewVariant
囑,嘱,kJapaneseNewVariant
圈,圏,kJapaneseNewVariant
國,国,kJapaneseNewVariant
圍,囲,kJapaneseNewVariant
圓,円,kJapaneseNewVariant
圖,図,kJapaneseNewVariant
團,団,kJapaneseNewVariant
增,増,kJapaneseNewVariant
墮,堕,kJapaneseNewVariant
壓,圧,kJapaneseNewVariant
壘,塁,kJapaneseNewVariant
壞,壊,kJapaneseNewVariant
壤,壌,kJapaneseNewVariant
壯,壮,kJapaneseNewVariant
壹,壱,kJapaneseNewVariant
壽,寿,kJapaneseNewVariant
奧,奥,kJapaneseNewVariant
奬,奨,kJapaneseNewVariant
孃,嬢,kJapaneseNewVariant
學,学,kJapaneseNewVariant
寢,寝,kJapaneseNewVariant
實,実,kJapaneseNewVariant
寫,写,kJapaneseNewVariant
寬,寛,kJapaneseNewVariant
寶,宝,kJapaneseNewVariant
將,将,kJapaneseNewVariant
專,専,kJapaneseNewVariant
對,対,kJapaneseNewVariant
屆,届,kJapaneseNewVariant
屬,属,kJapaneseNewVariant
峽,峡,kJapaneseNewVariant
嵜,崎,manual
嶽,岳,kJapaneseNewVariant
巢,巣,kJapaneseNewVariant
帶,帯,kJapaneseNewVariant
廢,廃,kJapaneseNewVariant
廣,広,kJapaneseNewVariant
廳,庁,kJapaneseNewVariant
彈,弾,kJapaneseNewVariant
彌,弥,kJapaneseNewVariant
徑,径,kJapaneseNewVariant
從,従,kJapaneseNewVariant
徵,徴,kJapaneseNewVariant
德,徳,kJapaneseNewVariant
恆,恒,kJapaneseNewVariant
惠,恵,kJapaneseNewVariant
惡,悪,kJapaneseNewVariant
惱,悩,kJapaneseNewVariant
愼,慎,kJapaneseNewVariant
慘,惨,kJapaneseNewVariant
應,応,kJapaneseNewVariant
懷,懐,kJapaneseNewVariant
戀,恋,kJapaneseNewVariant
戰,戦,kJapaneseNewVariant
戲,戯,kJapaneseNewVariant
戾,戻,kJapaneseNewVariant
拂,払,kJapaneseNewVariant
拔,抜,kJapaneseNewVariant
拜,拝,kJapaneseNewVariant
挾,挟,kJapaneseNewVariant
插,挿,kJapaneseNewVariant
揭,掲,kJapaneseNewVariant
搖,揺,kJapaneseNewVariant
搜,捜,kJapaneseNewVariant
擇,択,kJapaneseNewVariant
擊,撃,kJapaneseNewVariant
擔,担,kJapaneseNewVariant
據,拠,kJapaneseNewVariant
擧,挙,kJapaneseNewVariant
擴,拡,kJapaneseNewVariant
攝,摂,kJapaneseNewVariant
收,収,kJapaneseNewVariant
效,効,kJapaneseNewVariant
敍,叙,kJapaneseNewVariant
敕,勅,kJapaneseNewVariant
數,数,kJapaneseNewVariant
斷,断,kJapaneseNewVariant
晚,晩,kJapaneseNewVariant
晝,昼,kJapaneseNewVariant
曆,暦,kJapaneseNewVariant
曉,暁,kJapaneseNewVariant
曾,曽,kJapaneseNewVariant
會,会,kJapaneseNewVariant
條,条,kJapaneseNewVariant
棧,桟,kJapaneseNewVariant
榮,栄,kJapaneseNewVariant
槪,概,kJapaneseNewVariant
樂,楽,kJapaneseNewVariant
樓,楼,kJapaneseNewVariant
樞,枢,kJapaneseNewVariant
樣,様,kJapaneseNewVariant
橫,横,kJapaneseNewVariant
檢,検,kJapaneseNewVariant
櫻,桜,kJapaneseNewVariant
權,権,kJapaneseNewVariant
歐,欧,kJapaneseNewVariant
歡,歓,kJapaneseNewVariant
步,歩,kJapaneseNewVariant
歷,歴,kJapaneseNewVariant
歸,帰,kJapaneseNewVariant
殘,残,kJapaneseNewVariant
殼,殻,kJapaneseNewVariant
毆,殴,kJapaneseNewVariant
每,毎,kJapaneseNewVariant
氣,気,kJapaneseNewVariant
涉,渉,kJapaneseNewVariant
淚,涙,kJapaneseNewVariant
淨,浄,kJapaneseNewVariant
淺,浅,kJapaneseNewVariant
渴,渇,kJapaneseNewVariant
溪,渓,kJapaneseNewVariant
溫,温,kJapaneseNewVariant
滯,滞,kJapaneseNewVariant
滿,満,kJapaneseNewVariant
潛,潜,kJapaneseNewVariant
澁,渋,kJapaneseNewVariant
澤,沢,kJapaneseNewVariant
濕,湿,kJapaneseNewVariant
濟,済,kJapaneseNewVariant
濱,浜,kJapaneseNewVariant
瀧,滝,kJapaneseNewVariant
瀨,瀬,kJapaneseNewVariant
灣,湾,kJapaneseNewVariant
燈,灯,kJapaneseNewVariant
燒,焼,kJapaneseNewVariant
營,営,kJapaneseNewVariant
爐,炉,kJapaneseNewVariant
爭,争,kJapaneseNewVariant
爲,為,kJapaneseNewVariant
犧,犠,kJapaneseNewVariant
狀,状,kJapaneseNewVariant
狹,狭,kJapaneseNewVariant
獨,独,kJapaneseNewVariant
獵,猟,kJapaneseNewVariant
獸,獣,kJapaneseNewVariant
獻,献,kJapaneseNewVariant
瓣,弁,kJapaneseNewVariant
甁,瓶,kJapaneseNewVariant
畫,画,kJapaneseNewVariant
當,当,kJapaneseNewVariant
疊,畳,kJapaneseNewVariant
瘦,痩,kJapaneseNewVariant
癡,痴,kJapaneseNewVariant
發,発,kJapaneseNewVariant
盜,盗,kJapaneseNewVariant
盡,尽,kJapaneseNewVariant
眞,真,kJapaneseNewVariant
硏,研,kJapaneseNewVariant
碎,砕,kJapaneseNewVariant
祕,秘,kJapaneseNewVariant
禪,禅,kJapaneseNewVariant
禮,礼,kJapaneseNewVariant
稱,称,kJapaneseNewVariant
稻,稲,kJapaneseNewVariant
穗,穂,kJapaneseNewVariant
穩,穏,kJapaneseNewVariant
竊,窃,kJapaneseNewVariant
竝,並,kJapaneseNewVariant
粹,粋,kJapaneseNewVariant
絲,糸,kJapaneseNewVariant
經,経,kJapaneseNewVariant
綠,緑,kJapaneseNewVariant
緖,緒,kJapaneseNewVariant
緣,縁,kJapaneseNewVariant
縣,県,kJapaneseNewVariant
縱,縦,kJapaneseNewVariant
總,総,kJapaneseNewVariant
繩,縄,kJapaneseNewVariant
繪,絵,kJapaneseNewVariant
繼,継,kJapaneseNewVariant
續,続,kJapaneseNewVariant
纖,繊,kJapaneseNewVariant
缺,欠,kJapaneseNewVariant
罐,缶,kJapaneseNewVariant
聲,声,kJapaneseNewVariant
聽,聴,kJapaneseNewVariant
肅,粛,kJapaneseNewVariant
腦,脳,kJapaneseNewVariant
膽,胆,kJapaneseNewVariant
臟,臓,kJapaneseNewVariant
臺,台,kJapaneseNewVariant
與,与,kJapaneseNewVariant
舊,旧,kJapaneseNewVariant
艷,艶,kJapaneseNewVariant
莊,荘,kJapaneseNewVariant
莖,茎,kJapaneseNewVariant
萬,万,kJapaneseNewVariant
薰,薫,kJapaneseNewVariant
藏,蔵,kJapaneseNewVariant
藝,芸,kJapaneseNewVariant
藥,薬,kJapaneseNewVariant
處,処,kJapaneseNewVariant
虛,虚,kJapaneseNewVariant
號,号,kJapaneseNewVariant
螢,蛍,kJapaneseNewVariant
蟲,虫,kJapaneseNewVariant
蠶,蚕,kJapaneseNewVariant
蠻,蛮,kJapaneseNewVariant
衞,衛,kJapaneseNewVariant
裝,装,kJapaneseNewVariant
襃,褒,kJapaneseNewVariant
覺,覚,kJapaneseNewVariant
覽,覧,kJapaneseNewVariant
觀,観,kJapaneseNewVariant
觸,触,kJapaneseNewVariant
謠,謡,kJapaneseNewVariant
證,証,kJapaneseNewVariant
譯,訳,kJapaneseNewVariant
譽,誉,kJapaneseNewVariant
讀,読,kJapaneseNewVariant
變,変,kJapaneseNewVariant
讓,譲,kJapaneseNewVariant
豐,豊,kJapaneseNewVariant
豫,予,kJapaneseNewVariant
貳,弐,kJapaneseNewVariant
賣,売,kJapaneseNewVariant
賴,頼,kJapaneseNewVariant
贊,賛,kJapaneseNewVariant
踐,践,kJapaneseNewVariant
輕,軽,kJapaneseNewVariant
轉,転,kJapaneseNewVariant
辨,弁,kJapaneseNewVariant
辭,辞,kJapaneseNewVariant
辯,弁,kJapaneseNewVariant
遞,逓,kJapaneseNewVariant
遲,遅,kJapaneseNewVariant
邉,辺,manual
邊,辺,kJapaneseNewVariant
郞,郎,kJapaneseNewVariant
鄕,郷,kJapaneseNewVariant
醉,酔,kJapaneseNewVariant
醫,医,kJapaneseNewVariant
釀,醸,kJapaneseNewVariant
釋,釈,kJapaneseNewVariant
錄,録,kJapaneseNewVariant
錢,銭,kJapaneseNewVariant
鍊,錬,kJapaneseNewVariant
鎭,鎮,kJapaneseNewVariant
鐵,鉄,kJapaneseNewVariant
鑄,鋳,kJapaneseNewVariant
鑛,鉱,kJapaneseNewVariant
關,関,kJapaneseNewVariant
陷,陥,kJapaneseNewVariant
隨,随,kJapaneseNewVariant
險,険,kJapaneseNewVariant
隱,隠,kJapaneseNewVariant
雙,双,kJapaneseNewVariant
雜,雑,kJapaneseNewVariant
霸,覇,kJapaneseNewVariant
靈,霊,kJapaneseNewVariant
靜,静,kJapaneseNewVariant
顯,顕,kJapaneseNewVariant
飜,翻,kJapaneseNewVariant
餘,余,kJapaneseNewVariant
餠,餅,kJapaneseNewVariant
騷,騒,kJapaneseNewVariant
驅,駆,kJapaneseNewVariant
驗,験,kJapaneseNewVariant
驛,駅,kJapaneseNewVariant
髓,髄,kJapaneseNewVariant
體,体,kJapaneseNewVariant
髙,高,manual
髮,髪,kJapaneseNewVariant
鬭,闘,kJapaneseNewVariant
鷄,鶏,kJapaneseNewVariant
鹽,塩,kJapaneseNewVariant
麥,麦,kJapaneseNewVariant
麵,麺,kJapaneseNewVariant
黃,黄,kJapaneseNewVariant
黑,黒,kJapaneseNewVariant
默,黙,kJapaneseNewVariant
點,点,kJapaneseNewVariant
黨,党,kJapaneseNewVariant
齊,斉,kJapaneseNewVariant
齋,斎,kJapaneseNewVariant
齒,歯,kJapaneseNewVariant
齡,齢,kJapaneseNewVariant
龍,竜,kJapaneseNewVariant
龜,亀,kJapaneseNewVariant
欄,欄,kJapaneseNewVariant
廊,廊,kJapaneseNewVariant
朗,朗,kJapaneseNewVariant
虜,虜,kJapaneseNewVariant
殺,殺,kJapaneseNewVariant
類,類,kJapaneseNewVariant
隆,隆,kJapaneseNewVariant
塚,塚,kJapaneseNewVariant
﨑,崎,manual
神,神,kJapaneseNewVariant
祥,祥,kJapaneseNewVariant
福,福,kJapaneseNewVariant
諸,諸,kJapaneseNewVariant
都,都,kJapaneseNewVariant
侮,侮,kJapaneseNewVariant
僧,僧,kJapaneseNewVariant
免,免,kJapaneseNewVariant
勉,勉,kJapaneseNewVariant
勤,勤,kJapaneseNewVariant
卑,卑,kJapaneseNewVariant
喝,喝,kJapaneseNewVariant
嘆,嘆,kJapaneseNewVariant
器,器,kJapaneseNewVariant
塀,塀,kJapaneseNewVariant
墨,墨,kJapaneseNewVariant
層,層,kJapaneseNewVariant
悔,悔,kJapaneseNewVariant
慨,慨,kJapaneseNewVariant
憎,憎,kJapaneseNewVariant
懲,懲,kJapaneseNewVariant
敏,敏,kJapaneseNewVariant
既,既,kJapaneseNewVariant
暑,暑,kJapaneseNewVariant
梅,梅,kJapaneseNewVariant
海,海,kJapaneseNewVariant
漢,漢,kJapaneseNewVariant
煮,煮,kJapaneseNewVariant
碑,碑,kJapaneseNewVariant
社,社,kJapaneseNewVariant
祉,祉,kJapaneseNewVariant
祈,祈,kJapaneseNewVariant
祖,祖,kJapaneseNewVariant
祝,祝,kJapaneseNewVariant
禍,禍,kJapaneseNewVariant
穀,穀,kJapaneseNewVariant
突,突,kJapaneseNewVariant
節,節,kJapaneseNewVariant
練,練,kJapaneseNewVariant
繁,繁,kJapaneseNewVariant
署,署,kJapaneseNewVariant
者,者,kJapaneseNewVariant
臭,臭,kJapaneseNewVariant
著,著,kJapaneseNewVariant
褐,褐,kJapaneseNewVariant
視,視,kJapaneseNewVariant
謁,謁,kJapaneseNewVariant
謹,謹,kJapaneseNewVariant
賓,賓,kJapaneseNewVariant
贈,贈,kJapaneseNewVariant
逸,逸,kJapaneseNewVariant
難,難,kJapaneseNewVariant
響,響,kJapaneseNewVariant
頻,頻,kJapaneseNewVariant
